{"cameraMode":{"drawMode":0,"name":"Shaded","section":"Shading Mode"},"sceneLighting":true,"audioPlay":false,"sceneViewState":{"showFog":false,"showMaterialUpdate":false,"showSkybox":false,"showFlares":false,"showImageEffects":false,"showParticleSystems":false},"in2DMode":false,"pivot":{"x":-71.675048828125,"y":-144.09637451171876,"z":144.81097412109376},"rotation":{"x":-0.055171236395835879,"y":0.919890820980072,"z":-0.36209413409233096,"w":-0.1401606947183609},"size":1405.463134765625,"orthographic":false}