{"cameraMode":{"drawMode":0,"name":"Shaded","section":"Shading Mode"},"sceneLighting":true,"audioPlay":false,"sceneViewState":{"showFog":true,"showMaterialUpdate":true,"showSkybox":true,"showFlares":true,"showImageEffects":true,"showParticleSystems":true},"in2DMode":false,"pivot":{"x":0.663737952709198,"y":2.2749428749084474,"z":1.942223310470581},"rotation":{"x":0.034492529928684238,"y":-0.005996414925903082,"z":0.00020697744912467897,"w":0.9993873834609985},"size":3.0487020015716554,"orthographic":true}